Method,Job,AnalyzeLaunchVariance,EvaluateOverhead,MaxAbsoluteError,MaxRelativeError,MinInvokeCount,MinIterationTime,OutlierMode,Affinity,EnvironmentVariables,Jit,LargeAddressAware,Platform,PowerPlanMode,Runtime,AllowVeryLargeObjects,Concurrent,CpuGroups,Force,HeapAffinitizeMask,HeapCount,NoAffinitize,RetainVm,Server,Arguments,BuildConfiguration,Clock,EngineFactory,NuGetReferences,Toolchain,IsMutator,InvocationCount,IterationCount,IterationTime,LaunchCount,MaxIterationCount,MaxWarmupIterationCount,MemoryRandomization,MinIterationCount,MinWarmupIterationCount,RunStrategy,UnrollFactor,WarmupCount,Rows,Mean,Error,StdDev,Ratio,Gen0,Allocated,Alloc Ratio
Dapper,Job-AWMQLC,False,Default,Default,Default,Default,Default,Default,1111,Empty,RyuJit,Default,X64,8c5e7fda-e8bf-4a96-9a85-a6e23a8c635c,.NET 8.0,False,True,False,True,Default,Default,False,False,True,Default,Default,Default,Default,Default,Default,Default,Default,8,Default,1,Default,Default,Default,Default,Default,Default,16,3,1,8.239 μs,0.0910 μs,0.0476 μs,1.00,0.0153,1608 B,1.00
Manual,Job-AWMQLC,False,Default,Default,Default,Default,Default,Default,1111,Empty,RyuJit,Default,X64,8c5e7fda-e8bf-4a96-9a85-a6e23a8c635c,.NET 8.0,False,True,False,True,Default,Default,False,False,True,Default,Default,Default,Default,Default,Default,Default,Default,8,Default,1,Default,Default,Default,Default,Default,Default,16,3,1,6.574 μs,0.0711 μs,0.0372 μs,0.80,0.0076,880 B,0.55
Garoa,Job-AWMQLC,False,Default,Default,Default,Default,Default,Default,1111,Empty,RyuJit,Default,X64,8c5e7fda-e8bf-4a96-9a85-a6e23a8c635c,.NET 8.0,False,True,False,True,Default,Default,False,False,True,Default,Default,Default,Default,Default,Default,Default,Default,8,Default,1,Default,Default,Default,Default,Default,Default,16,3,1,7.285 μs,0.0713 μs,0.0373 μs,0.88,0.0076,1200 B,0.75
GaroaGenerated,Job-AWMQLC,False,Default,Default,Default,Default,Default,Default,1111,Empty,RyuJit,Default,X64,8c5e7fda-e8bf-4a96-9a85-a6e23a8c635c,.NET 8.0,False,True,False,True,Default,Default,False,False,True,Default,Default,Default,Default,Default,Default,Default,Default,8,Default,1,Default,Default,Default,Default,Default,Default,16,3,1,7.181 μs,0.0336 μs,0.0149 μs,0.87,0.0076,1200 B,0.75
Dapper,Job-AWMQLC,False,Default,Default,Default,Default,Default,Default,1111,Empty,RyuJit,Default,X64,8c5e7fda-e8bf-4a96-9a85-a6e23a8c635c,.NET 8.0,False,True,False,True,Default,Default,False,False,True,Default,Default,Default,Default,Default,Default,Default,Default,8,Default,1,Default,Default,Default,Default,Default,Default,16,3,100,131.134 μs,0.8098 μs,0.3595 μs,1.00,0.2441,24696 B,1.00
Manual,Job-AWMQLC,False,Default,Default,Default,Default,Default,Default,1111,Empty,RyuJit,Default,X64,8c5e7fda-e8bf-4a96-9a85-a6e23a8c635c,.NET 8.0,False,True,False,True,Default,Default,False,False,True,Default,Default,Default,Default,Default,Default,Default,Default,8,Default,1,Default,Default,Default,Default,Default,Default,16,3,100,121.384 μs,0.9191 μs,0.4081 μs,0.93,0.0000,16840 B,0.68
Garoa,Job-AWMQLC,False,Default,Default,Default,Default,Default,Default,1111,Empty,RyuJit,Default,X64,8c5e7fda-e8bf-4a96-9a85-a6e23a8c635c,.NET 8.0,False,True,False,True,Default,Default,False,False,True,Default,Default,Default,Default,Default,Default,Default,Default,8,Default,1,Default,Default,Default,Default,Default,Default,16,3,100,124.912 μs,1.8086 μs,0.9459 μs,0.95,0.0000,17160 B,0.69
GaroaGenerated,Job-AWMQLC,False,Default,Default,Default,Default,Default,Default,1111,Empty,RyuJit,Default,X64,8c5e7fda-e8bf-4a96-9a85-a6e23a8c635c,.NET 8.0,False,True,False,True,Default,Default,False,False,True,Default,Default,Default,Default,Default,Default,Default,Default,8,Default,1,Default,Default,Default,Default,Default,Default,16,3,100,120.918 μs,1.3554 μs,0.7089 μs,0.92,0.0000,17160 B,0.69
Dapper,Job-AWMQLC,False,Default,Default,Default,Default,Default,Default,1111,Empty,RyuJit,Default,X64,8c5e7fda-e8bf-4a96-9a85-a6e23a8c635c,.NET 8.0,False,True,False,True,Default,Default,False,False,True,Default,Default,Default,Default,Default,Default,Default,Default,8,Default,1,Default,Default,Default,Default,Default,Default,16,3,1000,"1,245.117 μs",21.2562 μs,11.1174 μs,1.00,1.9531,229905 B,1.00
Manual,Job-AWMQLC,False,Default,Default,Default,Default,Default,Default,1111,Empty,RyuJit,Default,X64,8c5e7fda-e8bf-4a96-9a85-a6e23a8c635c,.NET 8.0,False,True,False,True,Default,Default,False,False,True,Default,Default,Default,Default,Default,Default,Default,Default,8,Default,1,Default,Default,Default,Default,Default,Default,16,3,1000,"1,097.020 μs",16.0405 μs,8.3895 μs,0.88,0.0000,157249 B,0.68
Garoa,Job-AWMQLC,False,Default,Default,Default,Default,Default,Default,1111,Empty,RyuJit,Default,X64,8c5e7fda-e8bf-4a96-9a85-a6e23a8c635c,.NET 8.0,False,True,False,True,Default,Default,False,False,True,Default,Default,Default,Default,Default,Default,Default,Default,8,Default,1,Default,Default,Default,Default,Default,Default,16,3,1000,"1,218.954 μs",9.6174 μs,5.0301 μs,0.98,0.0000,157569 B,0.69
GaroaGenerated,Job-AWMQLC,False,Default,Default,Default,Default,Default,Default,1111,Empty,RyuJit,Default,X64,8c5e7fda-e8bf-4a96-9a85-a6e23a8c635c,.NET 8.0,False,True,False,True,Default,Default,False,False,True,Default,Default,Default,Default,Default,Default,Default,Default,8,Default,1,Default,Default,Default,Default,Default,Default,16,3,1000,"1,157.453 μs",13.7443 μs,7.1885 μs,0.93,0.0000,157569 B,0.69
